{"_step":4,"Ridge_R2":0.8853594095200571,"OLS_R2":0.8860989538635177,"ElasticNet_R2":0.8674382040319993,"ElasticNet_MSE":1.0167922176851479e+09,"Ridge_MAE":19106.48356577314,"OLS_RMSE":29557.709302425494,"Ridge_MSE":8.793307255657132e+08,"cross_val_plot":{"path":"media/images/cross_val_plot_4_010f8ae95ae4d7a7989a.png","format":"png","width":1200,"height":600,"_type":"image-file","sha256":"010f8ae95ae4d7a7989a7d333db88b943402bc27fe624e1c79c9a0ad4141ec21","size":30580},"OLS_MSE":8.736581792066905e+08,"Lasso_RMSE":28311.783034263433,"ElasticNet_RMSE":31887.17951912881,"Lasso_R2":0.8954989609401299,"OLS_MAE":18266.648492149932,"_runtime":46,"Lasso_MAE":17971.002773173717,"_wandb":{"runtime":46},"Ridge_RMSE":29653.511184440085,"ElasticNet_MAE":18638.180003862337,"Lasso_MSE":8.015570585792067e+08,"_timestamp":1.7528391477944694e+09}